epoch,global_step,train_loss,val_loss,val_r2,best_val_loss,best_epoch,patience_used,patience_limit
1,1250,0.32150825787782666,0.1785576194524765,0.8272339701652527,0.1785576194524765,1,0,8
2,2500,0.1345555607229471,0.12234702706336975,0.8816213607788086,0.12234702706336975,2,0,8
3,3750,0.09863700127601624,0.08646188676357269,0.916342556476593,0.08646188676357269,3,0,8
4,5000,0.0802160550519824,0.08032745122909546,0.9222779870033264,0.08032745122909546,4,0,8
5,6250,0.06660544319450855,0.07634461671113968,0.9261316657066345,0.07634461671113968,5,0,8
6,7500,0.05929764266163111,0.05780777335166931,0.9440672397613525,0.05780777335166931,6,0,8
7,8750,0.052662775729596614,0.057426318526268005,0.9444363117218018,0.057426318526268005,7,0,8
8,10000,0.05185741682723165,0.04651886969804764,0.9549899697303772,0.04651886969804764,8,0,8
9,11250,0.04449643081426621,0.056804850697517395,0.9450376629829407,0.04651886969804764,8,1,8
