epoch,global_step,train_loss,val_loss,val_r2,best_val_loss,best_epoch,patience_used,patience_limit
1,1250,0.36633013484477994,0.21894526481628418,0.7838635444641113,0.21894526481628418,1,0,8
2,2500,0.18608098477125168,0.17214851081371307,0.8300599455833435,0.17214851081371307,2,0,8
3,3750,0.1526097124040127,0.16793352365493774,0.834220826625824,0.16793352365493774,3,0,8
4,5000,0.1339963676929474,0.13562826812267303,0.8661116361618042,0.13562826812267303,4,0,8
5,6250,0.12336718377768993,0.12551143765449524,0.8760986924171448,0.12551143765449524,5,0,8
